model,biomarker,n_subjects,Spearman_rho,p_uncorrected,p_FDR_BH,FDR_significant_0.05
TCN,theta_relative_global,34,-0.054851031321619545,0.758004271932352,0.9514470200738172,False
TCN,frontal_theta_relative,34,-0.010847975553857905,0.9514470200738172,0.9514470200738172,False
TCN,alpha_relative_global,34,0.04965622612681436,0.7803331455068383,0.9514470200738172,False
TCN,beta_relative_global,34,0.0912146676852559,0.6079192426050848,0.9514470200738172,False
TCN,FAA_log_right_minus_left,34,-0.049350649350649346,0.7816521892956636,0.9514470200738172,False
CNN,theta_relative_global,34,-0.20702826585179523,0.24007501488629635,0.9514470200738172,False
CNN,frontal_theta_relative,34,-0.12666157372039724,0.4753414936662107,0.9514470200738172,False
CNN,alpha_relative_global,34,-0.014209320091673033,0.936429197469186,0.9514470200738172,False
CNN,beta_relative_global,34,0.018792971734148203,0.9159859954256113,0.9514470200738172,False
CNN,FAA_log_right_minus_left,34,-0.0615737203972498,0.7293934285130115,0.9514470200738172,False
CNN+LSTM,theta_relative_global,34,0.28464476699770813,0.10275936033270505,0.9308968859182752,False
CNN+LSTM,frontal_theta_relative,34,0.26264323911382736,0.13344241018513658,0.9308968859182752,False
CNN+LSTM,alpha_relative_global,34,0.25867074102368215,0.13963453288774128,0.9308968859182752,False
CNN+LSTM,beta_relative_global,34,0.20152788388082504,0.2530719469691825,0.9514470200738172,False
CNN+LSTM,FAA_log_right_minus_left,34,0.1284950343773873,0.46892214743103233,0.9514470200738172,False
TCN+FFNN,theta_relative_global,34,-0.026432391138273486,0.8820375496921292,0.9514470200738172,False
TCN+FFNN,frontal_theta_relative,34,0.013598166539343011,0.9391582592351583,0.9514470200738172,False
TCN+FFNN,alpha_relative_global,34,0.12452253628724218,0.48288835516812767,0.9514470200738172,False
TCN+FFNN,beta_relative_global,34,0.12971734148204736,0.464668098668259,0.9514470200738172,False
TCN+FFNN,FAA_log_right_minus_left,34,-0.08510313216195568,0.6322653365862815,0.9514470200738172,False
