fold,subject,label,diagnosis,n_test_windows,window_accuracy,subject_prob,subject_pred,subject_correct,inner_selected_threshold,inner_best_epoch_raw,final_epochs,inner_subject_AUC,inner_subject_balanced_accuracy,n_outer_train_subjects,class_weight_HC,class_weight_MDD
1,0201_0002,1,MDD,384,0.21354166666666666,0.12551000843870805,0,0,0.28,14,14,0.8214285714285714,0.75,34,1.1193220895354234,0.8806779104645766
2,0201_0004,1,MDD,384,0.5052083333333334,0.4713456319499906,1,1,0.42000000000000015,3,8,0.5714285714285714,0.5,34,1.1193220895354234,0.8806779104645766
3,0201_0005,1,MDD,384,0.9401041666666666,0.9655722135847266,1,1,0.4600000000000002,23,23,0.6071428571428571,0.75,34,1.1193220895354234,0.8806779104645766
4,0201_0006,1,MDD,384,0.8098958333333334,0.8958344562100126,1,1,0.7400000000000004,14,14,0.6785714285714286,0.7321428571428572,34,1.1193220895354234,0.8806779104645766
5,0201_0008,1,MDD,384,0.9739583333333334,0.9977260986705879,1,1,0.5000000000000002,3,8,0.6071428571428571,0.6785714285714286,34,1.1193220895354234,0.8806779104645766
6,0201_0010,1,MDD,384,0.9505208333333334,0.9711365746213244,1,1,0.6700000000000004,6,8,0.8571428571428571,0.75,34,1.1193220895354234,0.8806779104645766
7,0201_0011,1,MDD,384,0.890625,0.8917924426012225,1,1,0.4800000000000002,10,10,0.75,0.6785714285714286,34,1.1193220895354234,0.8806779104645766
8,0201_0012,1,MDD,384,0.9739583333333334,0.9902904858062793,1,1,0.7400000000000004,30,30,0.9285714285714286,0.875,34,1.1193220895354234,0.8806779104645766
9,0201_0013,1,MDD,384,0.9973958333333334,0.9914678195854286,1,1,0.44000000000000017,3,8,1.0,1.0,34,1.1193220895354234,0.8806779104645766
10,0201_0015,1,MDD,384,0.9973958333333334,0.9765686756604678,1,1,0.26,3,8,1.0,1.0,34,1.1193220895354234,0.8806779104645766
11,0201_0016,1,MDD,384,0.9557291666666666,0.9418427907414251,1,1,0.44000000000000017,4,8,0.8214285714285714,0.875,34,1.1193220895354234,0.8806779104645766
12,0201_0018,1,MDD,384,0.9401041666666666,0.982009783000141,1,1,0.4600000000000002,30,30,0.8214285714285714,0.8035714285714286,34,1.1193220895354234,0.8806779104645766
13,0201_0019,1,MDD,384,0.7369791666666666,0.7039393764956818,1,1,0.3900000000000001,11,11,0.6071428571428571,0.625,34,1.1193220895354234,0.8806779104645766
14,0201_0022,1,MDD,384,0.9375,0.9636206708171151,1,1,0.6400000000000003,7,8,0.9285714285714286,0.8571428571428572,34,1.1193220895354234,0.8806779104645766
15,0201_0023,1,MDD,384,0.9921875,0.9979558120687286,1,1,0.4500000000000002,4,8,0.7142857142857142,0.8035714285714286,34,1.1193220895354234,0.8806779104645766
16,0201_0024,1,MDD,384,0.84375,0.8748320292729836,1,1,0.5300000000000002,6,8,0.9285714285714286,0.875,34,1.1193220895354234,0.8806779104645766
17,0201_0026,1,MDD,384,0.953125,0.9837728429150272,1,1,0.7400000000000004,30,30,0.8571428571428571,0.8035714285714286,34,1.1193220895354234,0.8806779104645766
18,0201_0028,1,MDD,384,0.9921875,0.9793931034865317,1,1,0.5000000000000002,1,8,0.6428571428571428,0.7321428571428572,34,1.1193220895354234,0.8806779104645766
19,0201_0030,1,MDD,384,0.9479166666666666,0.9557842126527389,1,1,0.3800000000000001,14,14,0.7857142857142857,0.75,34,1.1193220895354234,0.8806779104645766
20,0201_0033,1,MDD,384,0.9661458333333334,0.994141642923479,1,1,0.7400000000000004,12,12,0.6428571428571428,0.6071428571428572,34,1.1193220895354234,0.8806779104645766
21,0201_0034,1,MDD,384,0.8541666666666666,0.9411059636380765,1,1,0.7100000000000004,29,29,0.8214285714285714,0.75,34,1.1193220895354234,0.8806779104645766
22,0201_0036,1,MDD,384,0.4921875,0.4475232302695029,1,1,0.41000000000000014,12,12,0.6071428571428571,0.625,34,1.1193220895354234,0.8806779104645766
23,0203_0002,0,HC,384,0.9557291666666666,0.019857448588659104,0,1,0.6600000000000004,3,8,0.8571428571428571,0.875,34,1.1503846381456158,0.849615361854384
24,0203_0003,0,HC,384,0.21354166666666666,0.8655883925301688,1,0,0.6800000000000004,9,9,0.8928571428571428,0.8571428571428572,34,1.1503846381456158,0.849615361854384
25,0203_0004,0,HC,384,0.6848958333333334,0.2991452353050956,0,1,0.5200000000000002,1,8,0.9285714285714286,0.8035714285714286,34,1.1503846381456158,0.849615361854384
26,0203_0005,0,HC,384,0.0078125,0.9961796691278358,1,0,0.27,10,10,0.8928571428571428,0.875,34,1.1503846381456158,0.849615361854384
27,0203_0006,0,HC,384,0.3307291666666667,0.7033170229307824,1,0,0.5000000000000002,24,24,0.7857142857142857,0.625,34,1.1503846381456158,0.849615361854384
28,0203_0007,0,HC,384,0.953125,0.0496400890247473,0,1,0.7300000000000004,6,8,0.8214285714285714,0.8035714285714286,34,1.1503846381456158,0.849615361854384
29,0203_0009,0,HC,384,0.9973958333333334,0.005254028578948036,0,1,0.5200000000000002,26,26,0.6071428571428571,0.5535714285714286,34,1.1503846381456158,0.849615361854384
30,0203_0014,0,HC,384,0.057291666666666664,0.942910671621174,1,0,0.6200000000000003,1,8,0.6071428571428571,0.6428571428571428,34,1.1503846381456158,0.849615361854384
31,0203_0017,0,HC,384,0.036458333333333336,0.9643609067062279,1,0,0.5400000000000003,3,8,1.0,1.0,34,1.1503846381456158,0.849615361854384
32,0203_0018,0,HC,384,0.3125,0.7877398407836627,1,0,0.7300000000000004,12,12,0.8928571428571428,0.75,34,1.1503846381456158,0.849615361854384
33,0203_0019,0,HC,384,0.09375,0.9538563863410578,1,0,0.5000000000000002,27,27,0.7857142857142857,0.625,34,1.1503846381456158,0.849615361854384
34,0203_0020,0,HC,384,0.15625,0.926004089124791,1,0,0.7500000000000004,3,8,0.5,0.6071428571428572,34,1.1503846381456158,0.849615361854384
35,0203_0021,0,HC,384,0.6770833333333334,0.41362504613609963,0,1,0.7500000000000004,4,8,0.9642857142857143,0.875,34,1.1503846381456158,0.849615361854384
