fold,subject,label,diagnosis,n_test_windows,window_accuracy,subject_prob,subject_pred,subject_correct,inner_selected_threshold,inner_best_epoch_raw,final_epochs,inner_subject_AUC,inner_subject_balanced_accuracy,class_weight_HC,class_weight_MDD,MC_mean_predictive_variance
1,0201_0002,1,MDD,384,0.1223958333333333,0.0838863755600502,0,0,0.4700000000000001,20,20,0.8571428571428571,0.8035714285714286,1.1193220895354234,0.8806779104645766,
2,0201_0004,1,MDD,384,0.3489583333333333,0.3938805202215716,0,0,0.6700000000000003,21,21,0.6071428571428571,0.6785714285714286,1.1193220895354234,0.8806779104645766,
3,0201_0005,1,MDD,384,0.8151041666666666,0.8211499398404901,1,1,0.5200000000000001,3,8,0.6785714285714285,0.6785714285714286,1.1193220895354234,0.8806779104645766,
4,0201_0006,1,MDD,384,0.9479166666666666,0.9360973182823752,1,1,0.4700000000000001,17,17,0.6785714285714286,0.625,1.1193220895354234,0.8806779104645766,
5,0201_0008,1,MDD,384,0.9609375,0.9939578872222404,1,1,0.5700000000000002,4,8,0.6785714285714286,0.6785714285714286,1.1193220895354234,0.8806779104645766,
6,0201_0010,1,MDD,384,0.9765625,0.977949119620509,1,1,0.5000000000000001,10,10,0.9285714285714286,0.625,1.1193220895354234,0.8806779104645766,
7,0201_0011,1,MDD,384,0.7708333333333334,0.826540618409197,1,1,0.6200000000000002,16,16,0.7857142857142857,0.6607142857142857,1.1193220895354234,0.8806779104645766,
8,0201_0012,1,MDD,384,0.9895833333333334,0.9831520152556432,1,1,0.6100000000000002,22,22,0.9285714285714286,0.875,1.1193220895354234,0.8806779104645766,
9,0201_0013,1,MDD,384,0.9921875,0.9746846038025696,1,1,0.5000000000000001,5,8,1.0,1.0,1.1193220895354234,0.8806779104645766,
10,0201_0015,1,MDD,384,0.9947916666666666,0.9770654805681922,1,1,0.6200000000000002,15,15,0.8928571428571428,0.7857142857142857,1.1193220895354234,0.8806779104645766,
11,0201_0016,1,MDD,384,0.9322916666666666,0.9426093736252228,1,1,0.5600000000000002,6,8,0.8214285714285714,0.8035714285714286,1.1193220895354234,0.8806779104645766,
12,0201_0018,1,MDD,384,0.9375,0.9492290343170042,1,1,0.5000000000000001,15,15,0.7857142857142857,0.6785714285714286,1.1193220895354234,0.8806779104645766,
13,0201_0019,1,MDD,384,0.8203125,0.8188841753675566,1,1,0.5000000000000001,20,20,0.7142857142857143,0.5535714285714286,1.1193220895354234,0.8806779104645766,
14,0201_0022,1,MDD,384,0.9166666666666666,0.9445185034306018,1,1,0.6100000000000002,13,13,0.9285714285714286,0.8571428571428572,1.1193220895354234,0.8806779104645766,
15,0201_0023,1,MDD,384,0.9947916666666666,0.9957363361662084,1,1,0.5000000000000001,7,8,0.75,0.8035714285714286,1.1193220895354234,0.8806779104645766,
16,0201_0024,1,MDD,384,0.9036458333333334,0.9179807914928957,1,1,0.5900000000000002,3,8,0.9285714285714286,0.875,1.1193220895354234,0.8806779104645766,
17,0201_0026,1,MDD,384,0.96875,0.9662090416078444,1,1,0.6800000000000003,19,19,0.8571428571428571,0.8035714285714286,1.1193220895354234,0.8806779104645766,
18,0201_0028,1,MDD,384,0.984375,0.9620926474983041,1,1,0.5000000000000001,13,13,0.6785714285714286,0.625,1.1193220895354234,0.8806779104645766,
19,0201_0030,1,MDD,384,0.9088541666666666,0.8972352170324945,1,1,0.5000000000000001,10,10,0.75,0.6785714285714286,1.1193220895354234,0.8806779104645766,
20,0201_0033,1,MDD,384,0.9713541666666666,0.9791574321396939,1,1,0.6000000000000002,17,17,0.6785714285714286,0.6071428571428572,1.1193220895354234,0.8806779104645766,
21,0201_0034,1,MDD,384,0.8541666666666666,0.8505171180351988,1,1,0.5600000000000002,4,8,1.0,1.0,1.1193220895354234,0.8806779104645766,
22,0201_0036,1,MDD,384,0.6458333333333334,0.6409151703119278,1,1,0.5300000000000001,1,8,0.7142857142857142,0.6785714285714286,1.1193220895354234,0.8806779104645766,
23,0203_0002,0,HC,384,0.9427083333333334,0.021071195945993382,0,1,0.6200000000000002,5,8,0.8571428571428571,0.875,1.1503846381456158,0.849615361854384,
24,0203_0003,0,HC,384,0.21875,0.8418730719426235,1,0,0.6200000000000002,12,12,0.8571428571428571,0.8035714285714286,1.1503846381456158,0.849615361854384,
25,0203_0004,0,HC,384,0.7578125,0.19849129853310524,0,1,0.5000000000000001,3,8,0.8214285714285714,0.8035714285714286,1.1503846381456158,0.849615361854384,
26,0203_0005,0,HC,384,0.0078125,0.964903890312492,1,0,0.44000000000000006,18,18,0.7857142857142857,0.875,1.1503846381456158,0.849615361854384,
27,0203_0006,0,HC,384,0.15364583333333334,0.8621383810585196,1,0,0.5000000000000001,25,25,0.7857142857142857,0.625,1.1503846381456158,0.849615361854384,
28,0203_0007,0,HC,384,0.8541666666666666,0.08186680795027657,0,1,0.41000000000000003,5,8,0.8214285714285714,0.875,1.1503846381456158,0.849615361854384,
29,0203_0009,0,HC,384,1.0,0.0011766203525120863,0,1,0.5300000000000001,13,13,0.5714285714285714,0.5535714285714286,1.1503846381456158,0.849615361854384,
30,0203_0014,0,HC,384,0.028645833333333332,0.9416413229781312,1,0,0.5400000000000001,1,8,0.7142857142857143,0.75,1.1503846381456158,0.849615361854384,
31,0203_0017,0,HC,384,0.0026041666666666665,0.9784307119908271,1,0,0.5600000000000002,16,16,0.9642857142857143,0.875,1.1503846381456158,0.849615361854384,
32,0203_0018,0,HC,384,0.3880208333333333,0.6575316278288117,1,0,0.6000000000000002,7,8,0.8571428571428571,0.75,1.1503846381456158,0.849615361854384,
33,0203_0019,0,HC,384,0.15364583333333334,0.837762147962273,1,0,0.5000000000000001,15,15,0.7142857142857143,0.625,1.1503846381456158,0.849615361854384,
34,0203_0020,0,HC,384,0.19791666666666666,0.81499137685864,1,0,0.4700000000000001,2,8,0.5714285714285714,0.6785714285714286,1.1503846381456158,0.849615361854384,
35,0203_0021,0,HC,384,0.7604166666666666,0.3289320934352211,0,1,0.7000000000000003,3,8,0.9642857142857143,0.75,1.1503846381456158,0.849615361854384,
