channel,number,x,y,z
E1,1,0.06266342103481293,0.05977460741996765,-0.027906356379389763
E2,2,0.057294584810733795,0.07263966649770737,0.0033286099787801504
E3,3,0.04183701053261757,0.08265623450279236,0.03321487084031105
E4,4,0.031061019748449326,0.07736687362194061,0.05402221530675888
E5,5,0.016016878187656403,0.061569277197122574,0.07376330345869064
E6,6,0.0,0.041216056793928146,0.08543947339057922
E8,8,0.04571069777011871,0.08660352230072021,-0.014668363146483898
E9,9,0.029183262959122658,0.09619630128145218,0.011783155612647533
E10,10,0.019823037087917328,0.09429095685482025,0.03450676426291466
E11,11,0.0,0.08621189743280411,0.05461936444044113
E12,12,-0.016016878187656403,0.061569277197122574,0.07376330345869064
E14,14,0.013755187392234802,0.10262969136238098,-0.01025519147515297
E15,15,0.0,0.09839008748531342,0.014436180703341961
E16,16,0.0,0.09827152639627457,0.033622708171606064
E17,17,0.0,0.10037900507450104,-0.023944176733493805
E18,18,-0.019823037087917328,0.09429095685482025,0.03450676426291466
E19,19,-0.031061019748449326,0.07736687362194061,0.05402221530675888
E20,20,-0.04142205789685249,0.05545229837298393,0.0643434226512909
E21,21,-0.013755187392234802,0.10262969136238098,-0.01025519147515297
E22,22,-0.029183262959122658,0.09619630128145218,0.011783155612647533
E23,23,-0.04183701053261757,0.08265623450279236,0.03321487084031105
E24,24,-0.048281967639923096,0.0651913434267044,0.04726351425051689
E25,25,-0.04571069777011871,0.08660352230072021,-0.014668363146483898
E26,26,-0.057294584810733795,0.07263966649770737,0.0033286099787801504
E27,27,-0.06152517721056938,0.0590440109372139,0.03071160800755024
E28,28,-0.06005402281880379,0.04501718655228615,0.050103385001420975
E32,32,-0.06266342103481293,0.05977460741996765,-0.027906356379389763
E33,33,-0.06928317993879318,0.04468588903546333,-0.003863653400912881
E117,117,0.06005402281880379,0.04501718655228615,0.050103385001420975
E118,118,0.04142205789685249,0.05545229837298393,0.0643434226512909
E122,122,0.06928317993879318,0.04468588903546333,-0.003863653400912881
E123,123,0.06152517721056938,0.0590440109372139,0.03071160800755024
E124,124,0.048281967639923096,0.0651913434267044,0.04726351425051689
