Electrode,Metric,MDD_Mean,HC_Mean,t_statistic,p_uncorrected,p_FDR_corrected,Survives_FDR,Direction
E122,Betweenness_Centrality,0.01337215527363816,0.0009302383362810954,2.753878335013168,0.01121912646406335,0.39852481896417763,False,MDD > HC
E110,Betweenness_Centrality,0.0006338628175564722,9.023215753388474e-06,2.7152374185675114,0.012336548320050857,0.39852481896417763,False,MDD > HC
E2,Betweenness_Centrality,0.02164324109657997,0.006163634742121377,2.4635520490062524,0.020573161323806797,0.39852481896417763,False,MDD > HC
E19,Betweenness_Centrality,0.0013945031894698398,0.00021222057786006682,2.4255938706182243,0.02228695883186982,0.39852481896417763,False,MDD > HC
E24,Betweenness_Centrality,0.0017072122885855776,0.00015840065557607742,2.434442925776479,0.022620013771231417,0.39852481896417763,False,MDD > HC
E95,Betweenness_Centrality,0.0012611471365860684,2.0157211020742103e-05,2.391945672170166,0.025306242086137583,0.39852481896417763,False,MDD > HC
E77,Betweenness_Centrality,0.002145275184509748,0.0002543951620595342,2.369148190268464,0.02637620469077446,0.39852481896417763,False,MDD > HC
E116,Betweenness_Centrality,0.002157603671681329,3.519385802592438e-05,2.3506456073740423,0.02766106338144432,0.39852481896417763,False,MDD > HC
E104,Betweenness_Centrality,0.0009892715861343957,4.542805930343975e-06,2.2855165725737048,0.03182602784382119,0.39852481896417763,False,MDD > HC
E86,Betweenness_Centrality,0.0011234344591898625,0.00022118988500542292,2.2109884873683385,0.034726815027388,0.39852481896417763,False,MDD > HC
E96,Betweenness_Centrality,0.00016809427325089967,2.637567787607108e-05,2.195934736674401,0.03605696859552383,0.39852481896417763,False,MDD > HC
E30,Betweenness_Centrality,0.0009877146282106742,6.652713681933301e-05,2.2071233667367682,0.03736170177789165,0.39852481896417763,False,MDD > HC
E53,Betweenness_Centrality,0.00237262096601041,0.00033481220236174935,2.0698490102541776,0.04941675355628621,0.4682204275325244,False,MDD > HC
E84,Betweenness_Centrality,0.0003652818017436484,7.072335339689827e-05,2.0329626708796225,0.05187544692302669,0.4682204275325244,False,MDD > HC
E46,Betweenness_Centrality,0.0009395097538114507,4.3259083388358434e-05,2.020805249561682,0.0548695813514677,0.4682204275325244,False,MDD > HC
E103,Betweenness_Centrality,0.002484415837503354,1.9612378625339727e-05,1.909389885232466,0.06875909089161442,0.4704105552604117,False,MDD > HC
E47,Betweenness_Centrality,0.0016440670486590795,2.3866506937051837e-05,1.878139934684506,0.07308847680875465,0.4704105552604117,False,MDD > HC
E51,Betweenness_Centrality,0.00048652378385760224,1.9767907118570738e-05,1.873292241280988,0.07372223627631896,0.4704105552604117,False,MDD > HC
E79,Betweenness_Centrality,0.0029042909717471154,0.0008297086574616778,1.8510628165982972,0.07429596166764693,0.4704105552604117,False,MDD > HC
E12,Betweenness_Centrality,0.0019900466570548074,0.00011680234255690654,1.8603151406178704,0.07556350727246763,0.4704105552604117,False,MDD > HC
E13,Betweenness_Centrality,0.0025183523388357877,0.00022269220302811684,1.8457178546125326,0.0771767317224113,0.4704105552604117,False,MDD > HC
E87,Betweenness_Centrality,0.002015818736155243,0.00023752221494195903,1.7602093155277114,0.09121785729383944,0.5163266270414281,False,MDD > HC
E37,Betweenness_Centrality,0.006023585916666952,0.0003684824475994719,1.7285814095916947,0.09711670610519413,0.5163266270414281,False,MDD > HC
E105,Betweenness_Centrality,0.004435494853697965,4.582877741524213e-05,1.7003411221643387,0.1025467121958846,0.5163266270414281,False,MDD > HC
E114,Betweenness_Centrality,0.011973069947470542,0.0043610029512353874,1.6483869054988818,0.10908035154492668,0.5163266270414281,False,MDD > HC
E101,Betweenness_Centrality,0.0005129113154769003,3.061546235810193e-05,1.6648357400561917,0.10926899207702223,0.5163266270414281,False,MDD > HC
E29,Betweenness_Centrality,0.0016092760378126842,2.707435695703053e-05,1.6330906337932962,0.11605141043378349,0.5163266270414281,False,MDD > HC
E27,Betweenness_Centrality,0.0020689218027884217,0.000530707893273804,1.6155002248241448,0.11631828059714551,0.5163266270414281,False,MDD > HC
E93,Betweenness_Centrality,0.0025726586318687065,6.502780390907376e-05,1.627363200355603,0.11726221525307184,0.5163266270414281,False,MDD > HC
E9,Betweenness_Centrality,0.013204255532763415,0.0013665318384055666,1.5795942801795237,0.12756692450370705,0.5163266270414281,False,MDD > HC
E94,Betweenness_Centrality,0.0028137734346075955,6.899365433161708e-05,1.5703093630964986,0.1299814976407104,0.5163266270414281,False,MDD > HC
E73,Betweenness_Centrality,0.0005227526883217298,0.002465857249916276,-1.636718001435258,0.1320231383546722,0.5163266270414281,False,MDD < HC
E99,Betweenness_Centrality,0.006655753197805769,0.0015153270399262233,1.5448222528896538,0.1331154585341182,0.5163266270414281,False,MDD > HC
E124,Betweenness_Centrality,0.0024319486953083853,0.00041050358502568875,1.4923932098967805,0.14741510880007053,0.5476704091666669,False,MDD > HC
E90,Betweenness_Centrality,0.0006678414657798506,4.187221319612774e-05,1.4898692465392593,0.14975362750651047,0.5476704091666669,False,MDD > HC
E5,Betweenness_Centrality,0.0010215777751241618,0.00040897717495247556,1.454856081035221,0.15555740085403041,0.548601712307084,False,MDD > HC
E109,Betweenness_Centrality,0.004639388887157329,9.57523989084141e-06,1.4451175590351908,0.16191256454453645,0.548601712307084,False,MDD > HC
E36,Betweenness_Centrality,0.002490107634544885,4.9657667110678496e-05,1.4416235065806464,0.16286613334116556,0.548601712307084,False,MDD > HC
E48,Betweenness_Centrality,0.03151996585805239,0.005060498107654775,1.4132749088599854,0.17050935618610577,0.5533775937688049,False,MDD > HC
E123,Betweenness_Centrality,0.004987825163726687,0.0001845693550633417,1.39584566413458,0.17605100387823822,0.5533775937688049,False,MDD > HC
E50,Betweenness_Centrality,0.0015211880095296077,9.928262326227965e-05,1.381019712620566,0.1803075483348556,0.5533775937688049,False,MDD > HC
E59,Betweenness_Centrality,0.0013681599102952572,0.0002652068341638044,1.3596343544349117,0.18531362546834038,0.5533775937688049,False,MDD > HC
E32,Betweenness_Centrality,0.03556724913161715,0.06281034214195731,-1.3940415670276733,0.18720524562008295,0.5533775937688049,False,MDD < HC
E91,Betweenness_Centrality,0.0030573964371882548,2.483042436940982e-05,1.3497728671126397,0.1902235478580267,0.5533775937688049,False,MDD > HC
E23,Betweenness_Centrality,0.0033076807284810193,0.00110935737515933,1.3094856816947784,0.199706214059742,0.5614982738935176,False,MDD > HC
E52,Betweenness_Centrality,0.002669942493253578,7.8343326108344e-05,1.3139645406950993,0.2017884421804829,0.5614982738935176,False,MDD > HC
E41,Betweenness_Centrality,0.0008962567302223052,5.015226419730259e-05,1.2466145772089903,0.2249594783318621,0.5899632774667499,False,MDD > HC
E78,Betweenness_Centrality,0.001633263320046122,0.0006412309058029645,1.238773807765608,0.22525632816106575,0.5899632774667499,False,MDD > HC
E35,Betweenness_Centrality,0.0019330516271999232,0.00027347449550329736,1.243467889959601,0.2258453171552402,0.5899632774667499,False,MDD > HC
E28,Betweenness_Centrality,0.0012894432609123492,0.00011929750848244927,1.2218489500494198,0.2339512150344879,0.5944469514315216,False,MDD > HC
E43,Betweenness_Centrality,0.005231604723027521,0.011196452822031373,-1.2411063769365336,0.2368499572109969,0.5944469514315216,False,MDD < HC
E118,Betweenness_Centrality,0.007369611137064947,0.00045550937617403977,1.1999196753714585,0.24224800328304552,0.596302777312112,False,MDD > HC
E10,Betweenness_Centrality,0.0030083493503944257,0.001410481463436915,1.1558779143911497,0.25703307075395776,0.6056282405537251,False,MDD > HC
E80,Betweenness_Centrality,0.0038018140126932927,0.0014146446015371873,1.1495752683566982,0.2599282671118289,0.6056282405537251,False,MDD > HC
E40,Betweenness_Centrality,0.0001819842939011321,0.0014513370746552286,-1.1934926907011691,0.26261431197798535,0.6056282405537251,False,MDD < HC
E42,Betweenness_Centrality,0.0005955818733711777,0.00018967022288184153,1.1355181881814942,0.26496235524225475,0.6056282405537251,False,MDD > HC
E34,Betweenness_Centrality,0.0002988530873912971,0.008583771803781285,-1.1581976806790242,0.2765690479027959,0.6210673356413663,False,MDD < HC
E66,Betweenness_Centrality,0.0012664551773129932,0.00046880387553622463,1.094273176255529,0.28257153439033666,0.6236061448614326,False,MDD > HC
E113,Betweenness_Centrality,0.0024712734850176683,0.014201406437096383,-1.1161364486848644,0.29298782946101554,0.6271496659176854,False,MDD < HC
E20,Betweenness_Centrality,0.010110302451512173,0.0001297259446842556,1.073964028811266,0.29397640589891505,0.6271496659176854,False,MDD > HC
E82,Betweenness_Centrality,0.00038533935062414425,0.0017362839943291827,-1.0614261540427332,0.3136277913867415,0.658104217991851,False,MDD < HC
E57,Betweenness_Centrality,0.0006568374857791667,0.0037114479280491116,-1.019930004068871,0.3337761730811938,0.6652074748846906,False,MDD < HC
E22,Betweenness_Centrality,0.004279094176872345,0.0019709104792225178,0.9786345154851196,0.33568591715405494,0.6652074748846906,False,MDD > HC
E72,Betweenness_Centrality,0.005530464347795858,0.014176507941597086,-0.9906693047886844,0.3430878140700796,0.6652074748846906,False,MDD < HC
E125,Betweenness_Centrality,0.017935922889850957,0.007538620823206575,0.964800284997857,0.34389541530813605,0.6652074748846906,False,MDD > HC
E3,Betweenness_Centrality,0.001974137857991518,0.00046883930122331016,0.9634891870942379,0.34460003779235704,0.6652074748846906,False,MDD > HC
E81,Betweenness_Centrality,0.0009624373315294366,0.02024091841380661,-0.9742621252201102,0.355358910371683,0.6652074748846906,False,MDD < HC
E74,Betweenness_Centrality,0.00016504004196726805,0.0015910100190516213,-0.9718123467428922,0.3564330309632583,0.6652074748846906,False,MDD < HC
E98,Betweenness_Centrality,0.00017520514296433633,0.0049758051338739655,-0.9674439038586777,0.3585884044300285,0.6652074748846906,False,MDD < HC
E97,Betweenness_Centrality,0.0001630427088612094,9.417095955574308e-05,0.9097137239141354,0.3705401613874749,0.667730621535752,False,MDD > HC
E54,Betweenness_Centrality,0.004853265526278278,0.0022751456676110555,0.901105202268119,0.37439198461876,0.667730621535752,False,MDD > HC
E112,Betweenness_Centrality,0.0007427709737490472,0.0022649069729376464,-0.928630176790689,0.37559847461386053,0.667730621535752,False,MDD < HC
E102,Betweenness_Centrality,0.0005145130097148673,0.004578983515753944,-0.8876057918785364,0.39773281715496334,0.6856907159914507,False,MDD < HC
E117,Betweenness_Centrality,0.003910395152180249,0.001091410540702226,0.8436732167786343,0.40605345495005973,0.6856907159914507,False,MDD > HC
E83,Betweenness_Centrality,0.00015830045579526164,0.0010395514389238284,-0.8632682787473802,0.41009082293348853,0.6856907159914507,False,MDD < HC
E39,Betweenness_Centrality,0.0035236873996354174,0.009099443013019126,-0.85058098063503,0.4143727231167027,0.6856907159914507,False,MDD < HC
E64,Betweenness_Centrality,0.0006496974369814574,0.0026304896672573156,-0.8477706630702945,0.41761790347783645,0.6856907159914507,False,MDD < HC
E25,Betweenness_Centrality,0.037222233601269104,0.02527795776984154,0.8234988334955409,0.41784278005729025,0.6856907159914507,False,MDD > HC
E11,Betweenness_Centrality,0.002185181975682913,0.00532937484577393,-0.8031184842938548,0.44050656691649703,0.7015566467624709,False,MDD < HC
E4,Betweenness_Centrality,0.0026996826180102195,0.0013574555132345148,0.7769242724201962,0.44375808585926635,0.7015566467624709,False,MDD > HC
E65,Betweenness_Centrality,9.69173492251943e-05,0.00035195690094932475,-0.7983426566393053,0.4442413314250703,0.7015566467624709,False,MDD < HC
E63,Betweenness_Centrality,0.004775350180121096,0.020329790250208202,-0.7836599363487867,0.4530755075250088,0.7015566467624709,False,MDD < HC
E18,Betweenness_Centrality,0.002717566455180406,0.0014577790662420216,0.755073237659865,0.45576069287987153,0.7015566467624709,False,MDD > HC
E1,Betweenness_Centrality,0.04342265300410347,0.034453168796806696,0.734904500134056,0.46794415920582866,0.7015566467624709,False,MDD > HC
E71,Betweenness_Centrality,0.001987993261741663,0.007706326197485828,-0.7504862087292068,0.4717702062943828,0.7015566467624709,False,MDD < HC
E108,Betweenness_Centrality,0.001136082462519697,0.004233278708368845,-0.7319664336544837,0.4817783974445219,0.7015566467624709,False,MDD < HC
E56,Betweenness_Centrality,0.016645797425485286,0.009698786429182985,0.7023888734784892,0.48755421359418205,0.7015566467624709,False,MDD > HC
E16,Betweenness_Centrality,0.0017942764875057864,0.003911304312584369,-0.7148773490711077,0.49069427879712335,0.7015566467624709,False,MDD < HC
E127,Betweenness_Centrality,0.0036616750888052297,0.005608397157180851,-0.6999826664475327,0.493183948939674,0.7015566467624709,False,MDD < HC
E60,Betweenness_Centrality,0.0036799886316662787,0.001861630052659554,0.6935464453339967,0.4932820172548623,0.7015566467624709,False,MDD > HC
E6,Betweenness_Centrality,0.0010626594520375102,0.0005881440028118409,0.6517585699390622,0.521075163160682,0.7272797448998298,False,MDD > HC
E49,Betweenness_Centrality,0.0033874448899211453,0.0020582637793189413,0.6462876595718423,0.5227323166467527,0.7272797448998298,False,MDD > HC
E126,Betweenness_Centrality,0.003611340345252865,0.008111546480512499,-0.6332968412883918,0.5410563445422465,0.7383130753856573,False,MDD < HC
E15,Betweenness_Centrality,0.002847263658583419,0.004746401982939422,-0.6206430412662527,0.5474000450854648,0.7383130753856573,False,MDD < HC
E38,Betweenness_Centrality,0.008829027650622523,0.013927989608883385,-0.6207933871665648,0.5479667356377925,0.7383130753856573,False,MDD < HC
E45,Betweenness_Centrality,0.000342809995949919,0.0007715899913745021,-0.5620508924238384,0.5869785714804618,0.7725658051358167,False,MDD < HC
E89,Betweenness_Centrality,0.0006857740658635928,0.0013248488115867815,-0.547666277959873,0.5950759307543348,0.7725658051358167,False,MDD < HC
E121,Betweenness_Centrality,0.00958949550350234,0.012754314554324622,-0.5423645417839041,0.5971465811095495,0.7725658051358167,False,MDD < HC
E120,Betweenness_Centrality,0.002755694969070486,0.0036831035379739445,-0.5381434882819627,0.5975313649097332,0.7725658051358167,False,MDD < HC
E128,Betweenness_Centrality,0.010832343103608822,0.015332906126122639,-0.5263690046289576,0.6082109061690772,0.7734252285909368,False,MDD < HC
E92,Betweenness_Centrality,0.0014636573547411053,0.00309641444976183,-0.5251160975944758,0.610280844435036,0.7734252285909368,False,MDD < HC
E58,Betweenness_Centrality,0.00016382050988234537,0.0002976618270541214,-0.5004296483224252,0.6272894475465991,0.7808056626175732,False,MDD < HC
E100,Betweenness_Centrality,0.0001814608623396739,0.00013473116433604984,0.4890544305445505,0.6283045566375784,0.7808056626175732,False,MDD > HC
E111,Betweenness_Centrality,0.0005725402788426778,0.0003674266995762245,0.44192981634970196,0.662432801238362,0.8153019092164455,False,MDD > HC
E26,Betweenness_Centrality,0.010929629911941519,0.00886273368228151,0.43268864869113755,0.6717966716853316,0.8189521331021186,False,MDD > HC
E17,Betweenness_Centrality,0.018130916524603736,0.013094633557177843,0.39690577681402933,0.694683015079977,0.8327755771702602,False,MDD > HC
E85,Betweenness_Centrality,0.0005127510044964276,0.0003747777858543439,0.39830968498221014,0.6961483340407644,0.8327755771702602,False,MDD > HC
E8,Betweenness_Centrality,0.041230321401331635,0.04885925227107992,-0.35614031274936125,0.727125935935651,0.8617788870348456,False,MDD < HC
E67,Betweenness_Centrality,0.0018198263916132757,0.002543571643572262,-0.3229439834362685,0.7524501547658304,0.8803352311795093,False,MDD < HC
E106,Betweenness_Centrality,0.002827861496980324,0.0022769606293872057,0.3068871272785593,0.761921121500744,0.8803352311795093,False,MDD > HC
E115,Betweenness_Centrality,0.002728915333919698,0.004085614224259164,-0.3069042693234379,0.7634157082884807,0.8803352311795093,False,MDD < HC
E62,Betweenness_Centrality,0.01891696943957789,0.02292560560316833,-0.2881796832916316,0.7767033077387704,0.8876609231300233,False,MDD < HC
E33,Betweenness_Centrality,0.01610044659184467,0.013260954475002956,0.2748082095175655,0.7860611481854839,0.8904055483870968,False,MDD > HC
E76,Betweenness_Centrality,0.0010009098492388283,0.0007983122310410724,0.26365024095172507,0.7952302534367558,0.8928901091219714,False,MDD > HC
E55,Betweenness_Centrality,0.009518377767800153,0.012146331320731295,-0.2545225425802889,0.8027656889579737,0.8934770475005642,False,MDD < HC
E21,Betweenness_Centrality,0.008229936504860307,0.007076306794054669,0.24418234912065673,0.8097135742973863,0.8934770475005642,False,MDD > HC
E31,Betweenness_Centrality,0.002492891186422564,0.002904621636286967,-0.19560090392800902,0.8472145931255664,0.9105974854250516,False,MDD < HC
E107,Betweenness_Centrality,0.004133785753562162,0.00360450679301027,0.1850602100146653,0.8548849485832766,0.9105974854250516,False,MDD > HC
E14,Betweenness_Centrality,0.005736590805519459,0.005202841294074159,0.17734636267306036,0.8607569835969794,0.9105974854250516,False,MDD > HC
E68,Betweenness_Centrality,0.0016068336924633653,0.0019040071609848954,-0.17825850939099852,0.8611166382532555,0.9105974854250516,False,MDD < HC
E44,Betweenness_Centrality,0.00638449135153006,0.0071910116924098835,-0.1737065088241773,0.8645687826604384,0.9105974854250516,False,MDD < HC
E70,Betweenness_Centrality,0.0015910933408407148,0.0019389629855496692,-0.16993217272539343,0.8679132282957523,0.9105974854250516,False,MDD < HC
E61,Betweenness_Centrality,0.0036793866482757766,0.003924585653342237,-0.09565950195400406,0.9248122951823383,0.960351607806446,False,MDD < HC
E7,Betweenness_Centrality,0.0013901455855930703,0.0013043836206763893,0.08845540467266182,0.9303406200624946,0.960351607806446,False,MDD > HC
E88,Betweenness_Centrality,0.0011852464746793566,0.0012797166009333298,-0.07154590904015834,0.9440745359625166,0.966732324825617,False,MDD < HC
E75,Betweenness_Centrality,0.0013230063866700881,0.0013983262345531784,-0.05186638234122209,0.9593317367298935,0.974559224614495,False,MDD < HC
E69,Betweenness_Centrality,0.0019556186333824096,0.001879961254280822,0.03654949473507072,0.9711667617229718,0.9788137440987432,False,MDD > HC
E119,Betweenness_Centrality,0.004773422880359341,0.004740705479644168,0.009075648615968435,0.9928250226247839,0.9928250226247839,False,MDD > HC
