fold,subject,label,diagnosis,n_test_windows,window_accuracy,subject_prob,subject_pred,subject_correct,inner_selected_threshold,inner_best_epoch,final_epochs,inner_subject_AUC,inner_subject_balanced_accuracy,final_training_AUC,class_weight_HC,class_weight_MDD
1,0201_0002,1,MDD,384,0.9479166666666666,0.9653413549259111,1,1,0.5800000000000002,2,8,0.5238095238095238,0.6666666666666666,0.9907920956611633,1.3939393939393938,0.6060606060606061
2,0201_0004,1,MDD,384,0.9557291666666666,0.9786292577718759,1,1,0.5400000000000001,9,9,0.8095238095238095,0.8333333333333333,0.9928184747695923,1.3939393939393938,0.6060606060606061
3,0201_0005,1,MDD,384,0.9583333333333334,0.9805412751126599,1,1,0.5300000000000001,1,8,0.523809523809524,0.5714285714285714,0.9905046224594116,1.3939393939393938,0.6060606060606061
4,0201_0006,1,MDD,384,0.4010416666666667,0.4299382599820564,0,0,0.5200000000000001,6,8,0.6190476190476191,0.6904761904761905,0.9887620806694031,1.3939393939393938,0.6060606060606061
5,0201_0008,1,MDD,384,0.9036458333333334,0.9552850912917744,1,1,0.5000000000000001,10,10,0.6666666666666667,0.5,0.9953750371932983,1.3939393939393938,0.6060606060606061
6,0201_0010,1,MDD,384,0.9973958333333334,0.9971242800548479,1,1,0.5600000000000002,1,8,0.6190476190476191,0.5952380952380952,0.9910757541656494,1.3939393939393938,0.6060606060606061
7,0201_0011,1,MDD,384,0.9869791666666666,0.9975595137515625,1,1,0.5300000000000001,2,8,0.6666666666666667,0.8333333333333333,0.9914988875389099,1.3939393939393938,0.6060606060606061
8,0201_0012,1,MDD,384,0.9557291666666666,0.9915433874377957,1,1,0.5000000000000001,9,9,1.0,0.5,0.9918094277381897,1.3939393939393938,0.6060606060606061
9,0201_0013,1,MDD,384,0.9869791666666666,0.9950948574326255,1,1,0.5000000000000001,6,8,0.761904761904762,0.5,0.9880794882774353,1.3939393939393938,0.6060606060606061
10,0201_0015,1,MDD,384,0.9296875,0.9691368832990721,1,1,0.5600000000000002,1,8,0.5714285714285714,0.6666666666666666,0.9893128275871277,1.3939393939393938,0.6060606060606061
11,0201_0016,1,MDD,384,0.8776041666666666,0.8672727537039039,1,1,0.5000000000000001,7,8,0.33333333333333337,0.5,0.990186870098114,1.3939393939393938,0.6060606060606061
12,0201_0018,1,MDD,384,0.9583333333333334,0.9769736452923192,1,1,0.5000000000000001,5,8,0.19047619047619047,0.5,0.9889627695083618,1.3939393939393938,0.6060606060606061
13,0201_0019,1,MDD,384,0.9010416666666666,0.9232454553440019,1,1,0.5400000000000001,2,8,0.4285714285714286,0.6666666666666666,0.9903624057769775,1.3939393939393938,0.6060606060606061
14,0201_0021,1,MDD,384,0.8932291666666666,0.8834574821513969,1,1,0.5000000000000001,5,8,0.4285714285714286,0.6666666666666666,0.9901345372200012,1.3939393939393938,0.6060606060606061
15,0201_0022,1,MDD,384,0.9296875,0.9613872143355283,1,1,0.5000000000000001,9,9,0.761904761904762,0.5,0.9911882877349854,1.3939393939393938,0.6060606060606061
16,0201_0023,1,MDD,384,0.9401041666666666,0.9747402470607263,1,1,0.5900000000000002,3,8,0.7142857142857143,0.7142857142857143,0.9896580576896667,1.3939393939393938,0.6060606060606061
17,0201_0024,1,MDD,384,0.9088541666666666,0.9337265195397587,1,1,0.5800000000000002,8,8,0.6190476190476191,0.6666666666666666,0.9904919862747192,1.3939393939393938,0.6060606060606061
18,0201_0025,1,MDD,384,0.9973958333333334,0.9981489181518555,1,1,0.5700000000000002,1,8,0.8095238095238095,0.7857142857142857,0.9907677173614502,1.3939393939393938,0.6060606060606061
19,0201_0026,1,MDD,384,0.6796875,0.7309093248437751,1,1,0.5700000000000002,5,8,0.9047619047619048,0.9285714285714286,0.9902340173721313,1.3939393939393938,0.6060606060606061
20,0201_0028,1,MDD,384,0.9947916666666666,0.9987239150644897,1,1,0.5200000000000001,1,8,0.6666666666666667,0.6904761904761905,0.9896766543388367,1.3939393939393938,0.6060606060606061
21,0201_0030,1,MDD,384,0.6119791666666666,0.6576793220683376,1,1,0.6200000000000002,8,8,0.6666666666666667,0.7619047619047619,0.9924549460411072,1.3939393939393938,0.6060606060606061
22,0201_0033,1,MDD,384,0.8619791666666666,0.8974060035467922,1,1,0.44000000000000006,3,8,0.04761904761904762,0.5,0.9921750426292419,1.3939393939393938,0.6060606060606061
23,0201_0034,1,MDD,384,0.7109375,0.722414419913737,1,1,0.5100000000000001,9,9,0.7142857142857144,0.6666666666666666,0.9913060665130615,1.3939393939393938,0.6060606060606061
24,0201_0036,1,MDD,384,0.3307291666666667,0.3333718402389824,0,0,0.5200000000000001,1,8,1.0,0.7857142857142857,0.990545392036438,1.3939393939393938,0.6060606060606061
25,0203_0002,0,HC,384,0.18489583333333334,0.8401309115352569,1,0,0.5700000000000002,7,8,0.4761904761904762,0.5952380952380952,0.9923255443572998,1.4545454545454546,0.5454545454545455
26,0203_0005,0,HC,384,0.033854166666666664,0.993225583201879,1,0,0.5300000000000001,9,9,0.8095238095238095,0.8333333333333333,0.9937906861305237,1.4545454545454546,0.5454545454545455
27,0203_0006,0,HC,384,0.13020833333333334,0.9294634342387125,1,0,0.4900000000000001,7,8,0.4761904761904762,0.6666666666666666,0.9893542528152466,1.4545454545454546,0.5454545454545455
28,0203_0007,0,HC,384,0.0859375,0.9199698188088157,1,0,0.5000000000000001,6,8,0.4285714285714286,0.5,0.989373505115509,1.4545454545454546,0.5454545454545455
29,0203_0009,0,HC,384,0.7708333333333334,0.22898367372668021,0,1,0.5000000000000001,4,8,0.38095238095238093,0.5,0.9893248081207275,1.4545454545454546,0.5454545454545455
30,0203_0014,0,HC,384,0.041666666666666664,0.9970290178989435,1,0,0.4800000000000001,2,8,0.4285714285714286,0.6666666666666666,0.9930673837661743,1.4545454545454546,0.5454545454545455
31,0203_0017,0,HC,384,0.07291666666666667,0.9468431167014233,1,0,0.5000000000000001,6,8,0.6666666666666667,0.5,0.9918144941329956,1.4545454545454546,0.5454545454545455
32,0203_0019,0,HC,384,0.005208333333333333,0.9995774013268484,1,0,0.5400000000000001,7,8,0.9047619047619049,0.8333333333333333,0.9931958913803101,1.4545454545454546,0.5454545454545455
33,0203_0020,0,HC,384,0.28125,0.7315753468058326,1,0,0.45000000000000007,2,8,1.0,1.0,0.9890902638435364,1.4545454545454546,0.5454545454545455
34,0203_0021,0,HC,384,0.21354166666666666,0.8140470861614525,1,0,0.5700000000000002,2,8,0.33333333333333337,0.5952380952380952,0.9912089109420776,1.4545454545454546,0.5454545454545455
