subject,label,diagnosis,n_biomarker_windows,theta_relative_global,alpha_relative_global,beta_relative_global,theta_absolute_global,alpha_absolute_global,beta_absolute_global,frontal_theta_relative,FAA_log_right_minus_left
0201_0002,1,MDD,64,0.09607311954802022,0.30008062450947837,0.11090022134300898,7788778468864.0,20518123539968.0,7788845781088.0,0.0929804427653663,0.05808061375176976
0201_0004,1,MDD,64,0.09620371218276463,0.05273916704693489,0.07636054847196205,15840155149056.0,4356926052096.0,5485338176832.0,0.09175287290548494,0.2337831071881098
0201_0005,1,MDD,64,0.08500634356050445,0.09169451736211906,0.1839920467432128,19258202814464.0,12421878750208.0,24951783415232.0,0.0843981190829146,0.0915818614481303
0201_0006,1,MDD,64,0.06451387183576435,0.37781392654473966,0.13373108715882967,5202854135808.0,21744438799616.0,6889456911552.0,0.06759074348242436,-0.05605332744312008
0201_0008,1,MDD,64,0.08161350981193477,0.07254470757873754,0.04114998315436977,28704518042624.0,19838646392320.0,12797142943744.0,0.07943216815772451,0.021153543180925993
0201_0010,1,MDD,64,0.09790441043096368,0.31008988959873207,0.11504053752170021,9127311903232.0,19979328898048.0,8434444250752.0,0.1005757300517646,0.04794620405865757
0201_0011,1,MDD,64,0.06404232971073982,0.3767898292240405,0.12126657748185447,20635419033600.0,79041142470656.0,24493716632576.0,0.0791519052979923,0.08778972869856361
0201_0012,1,MDD,64,0.09467111734680747,0.0651950180328229,0.05807577893776018,75032693676032.0,40025572866048.0,38652475472896.0,0.09379346481654573,-0.07950688681378537
0201_0013,1,MDD,64,0.09126505486441883,0.30686454982840927,0.06879368222286177,7872969965568.0,21278339321856.0,5176895861696.0,0.0832110829535261,0.26007253208461734
0201_0015,1,MDD,64,0.07597371894618626,0.0612943662591174,0.03611376155491951,64470785775616.0,35776353291776.0,27333190941312.0,0.08025805125391512,-0.27603569718613485
0201_0016,1,MDD,64,0.09709130157198403,0.26516455847554826,0.13779910225774422,7055463878144.0,13854113527808.0,7131718487200.0,0.10988665787586539,-0.1433575483796865
0201_0018,1,MDD,64,0.10723698121676255,0.13096415130891054,0.1804249924419321,4477228790272.0,3741534655872.0,5256312355424.0,0.10854547430242757,0.4170712944984203
0201_0019,1,MDD,64,0.15323843771447543,0.1696608145424292,0.10161644278226253,10705298360320.0,11460526479616.0,6944956738880.0,0.11183813802324302,0.21068539572327438
0201_0022,1,MDD,64,0.08734131979140439,0.03776197255704965,0.04076258221735034,433820725760000.0,167201655769088.0,174804819695360.0,0.08869279240888539,-0.1102188450478252
0201_0023,1,MDD,64,0.08788706097083088,0.14508387574455964,0.06675769657426547,23645477933056.0,28008562156032.0,14244729600768.0,0.08897709980717905,0.06123201449346283
0201_0024,1,MDD,64,0.07396299129358096,0.1686571576278455,0.20531423837238627,3501260001280.0,7276800510208.0,8530070615232.0,0.07929519400339283,0.08201876527483876
0201_0026,1,MDD,64,0.09393392986625998,0.17282010518889063,0.09663685911526157,23487313347584.0,24091851570688.0,16536593066432.0,0.08308329442597602,-0.7113716767130285
0201_0028,1,MDD,64,0.06947973660254975,0.39986400521575266,0.1298619083423837,5285343592704.0,29940224547840.0,8426925331808.0,0.08870977014137961,0.18178204833815315
0201_0030,1,MDD,64,0.09177531761733174,0.3614096836619784,0.10382361128199222,6743489083264.0,14649200295296.0,4370219315072.0,0.08969620468511298,0.06168581682450025
0201_0033,1,MDD,64,0.07964063621100281,0.4877558584263575,0.10678319210737762,4908833578752.0,33033147846656.0,6384294556128.0,0.07743227213741974,0.30552080815218474
0201_0034,1,MDD,64,0.10739153179135594,0.06337200347615574,0.1462101884527262,9704036404736.0,4336060466176.0,8786939704512.0,0.10347886732468152,-0.183719750319554
0201_0036,1,MDD,64,0.06447616857769914,0.44937785838346844,0.08115887115542936,5762075748864.0,28666988310784.0,5567082519344.0,0.06370056484954038,0.011671134506567427
0203_0002,0,HC,64,0.1258317292260334,0.06598879030201714,0.12055623172970234,5628309382144.0,2553934373760.0,3949627617168.0,0.11224239991241099,0.5880149287645615
0203_0003,0,HC,64,0.07151804697684352,0.05051138450435683,0.03401936571927569,96281899266048.0,46381548902400.0,40017099928320.0,0.06634170017862484,0.2659782049509687
0203_0004,0,HC,64,0.10261751577820515,0.19884622235512484,0.08644291873656089,7115807408384.0,7063270581632.0,3768188401584.0,0.12096645240410217,-0.4924345276978741
0203_0005,0,HC,64,0.11057046856113958,0.14307373569919052,0.10741696368041426,4599755115264.0,4672898515072.0,3897090372096.0,0.09783389836432667,-0.3033707866562061
0203_0006,0,HC,64,0.08262449303543183,0.1255987220773931,0.11952592034234696,4516420250112.0,5500790878208.0,5098130643488.0,0.074513554683477,-0.005431613876993424
0203_0007,0,HC,64,0.07970824963877066,0.2798537234935057,0.11160505443013738,8898588468480.0,17171880578048.0,8397351001440.0,0.08523890789661277,0.2253802709866477
0203_0009,0,HC,64,0.12324072171119155,0.1959493578849439,0.21192155582076294,14261402839808.0,14218468140288.0,27024379399168.0,0.14445986123823593,-0.2832886565226538
0203_0014,0,HC,64,0.12621276859174535,0.22238955904648902,0.1292011843075984,4640117099008.0,7325909044224.0,4318675380768.0,0.13825441327848362,-0.025992317484270444
0203_0017,0,HC,64,0.048609182620370506,0.5630354538330985,0.07993903655109534,8660780498944.0,73941908357632.0,9706461191872.0,0.057345980374941784,-0.13237015434823363
0203_0018,0,HC,64,0.06647554570711464,0.48630747578534084,0.08965342157280792,6033045846656.0,22275271806976.0,4296557960640.0,0.07095226174040646,0.1835815199211801
0203_0019,0,HC,64,0.0642300165290442,0.36496227498082656,0.14883134556378774,2268672696192.0,12917859917696.0,5161101503504.0,0.07007445488569122,-0.1552840800512847
0203_0020,0,HC,64,0.08551230506515095,0.11715212392995675,0.07846824811689473,5495153560832.0,4790036642432.0,3545375296016.0,0.08051411057470029,0.09616609881238247
0203_0021,0,HC,64,0.06151867504322607,0.40463478618304705,0.07219573552737929,3391351849728.0,25875391390720.0,3826704069984.0,0.05087046577557778,-0.08901728047901258
